"currency","high","latest_trade","weighted_price","bid","volume","ask","low","duration","close","avg","symbol","currency_volume"
"1","IDR",107902000,1528252552,106510992.820167,107167000,409.51735295,107168000,105300000,88561,107167000,106510992.820167,"btcoidIDR",43618099839.7914
"2","USD",24147.01,1528251291,7976.15219339941,38075.5,187.4590311,1400,5596.71,88561,11035.32,7976.15219339941,"localbtcUSD",1495201.76208079
"3","EUR",6542.42,1528252408,6434.68747606305,6510.75,2439.27357,6514.28,6335.72,88561,6514.28,6434.68747606305,"zyadoEUR",15695963.0915706
"4","HKD",NA,1373462347,NA,NA,0,NA,NA,88381,572,NA,"btchkexHKD",0
"5","USD",NA,1380074510,NA,NA,0,NA,NA,88381,125,NA,"bitboxUSD",0
"6","PLN",NA,1384760374,NA,NA,0,NA,NA,88381,1751,NA,"bidxtrmPLN",0
"7","USD",NA,1317843215,NA,NA,0,NA,NA,88381,4.75,NA,"b7USD",0
"8","BRL",NA,1320965054,NA,NA,0,NA,NA,88381,18,NA,"bbmBRL",0
"9","AUD",NA,1353317656,NA,NA,0,NA,NA,88381,22,NA,"cryptoxAUD",0
"10","AUD",NA,1318748737,NA,NA,0,NA,NA,88381,4.25,NA,"ruxumAUD",0
"11","CHF",NA,1318992534,NA,NA,0,NA,NA,88381,3,NA,"ruxumCHF",0
"12","EUR",NA,1338569911,NA,NA,0,NA,NA,88381,5,NA,"ruxumEUR",0
"13","GBP",NA,1318792662,NA,NA,0,NA,NA,88381,2.5,NA,"ruxumGBP",0
"14","HKD",NA,1318797312,NA,NA,0,NA,NA,88381,29,NA,"ruxumHKD",0
"15","USD",NA,1364508415,NA,NA,0,NA,NA,88381,86,NA,"bitmeUSD",0
"16","USD",NA,1353314729,NA,NA,0,NA,NA,88381,13.35,NA,"cryptoxUSD",0
"17","DKK",54360.24,1528230771,52335.7923149816,86099.23,0.31497602,53449.24,46203.66,88381,47520.14,52335.7923149816,"localbtcDKK",16484.5195669195
"18","PLN",30816.27,1528223146,30339.3992532382,29214.99,0.21424287,29016,28263.66,88381,30566.91,30339.3992532382,"localbtcPLN",6499.9999700896
"19","GAU",NA,1313452498,NA,NA,0,NA,NA,88381,0.2,NA,"bcmPXGAU",0
"20","USD",NA,1366236000,NA,NA,0,NA,NA,88381,100,NA,"bitfloorUSD",0
"21","PLN",NA,1313056551,NA,NA,0,NA,NA,88381,29.2,NA,"bitomatPLN",0
"22","GBP",NA,1316391901,NA,NA,0,NA,NA,88381,3.6627,NA,"britcoinGBP",0
"23","USD",NA,1365846822,NA,NA,0,NA,NA,88381,73,NA,"btc24USD",0
"24","EUR",NA,1305076646,NA,NA,0,NA,NA,88381,3.9,NA,"btcexEUR",0
"25","JPY",NA,1299369401,NA,NA,0,NA,NA,88381,1,NA,"btcexJPY",0
"26","RUB",NA,1305230002,NA,NA,0,NA,NA,88381,199,NA,"btcexRUB",0
"27","USD",NA,1342942225,NA,NA,0,NA,NA,88381,6.8011,NA,"btcexUSD",0
"28","RUB",NA,1306059105,NA,NA,0,NA,NA,88381,155,NA,"btcexWMR",0
"29","USD",NA,1305094318,NA,NA,0,NA,NA,88381,5.1,NA,"btcexWMZ",0
"30","RUB",NA,1305229968,NA,NA,0,NA,NA,88381,132.0001,NA,"btcexYAD",0
"31","ILS",27009.24,1528237092,26644.0240136509,26469.3,3.53256863,26884.33,26001,88561,26884.48,26644.0240136509,"bit2cILS",94121.8434075898
"32","USD",7675.99,1528252540,7499.2310704705,7601,4529.7166,7603.3,7351.52,88561,7603.3,7499.2310704705,"itbitUSD",33969391.467146
"33","SGD",NA,1527662439,NA,10142.86,0,10144.84,NA,88561,10057.12,NA,"itbitSGD",0
"34","EUR",6530.63,1528250123,6434.21827717934,6497.91,32.5385,6501.33,6315.96,88561,6512.44,6434.21827717934,"itbitEUR",209359.811412
"35","KRW",8380000,1528252498,8216767.0597165,8323500,648.806770838032,8330000,8102000,88561,8330000,8216767.05971653,"korbitKRW",5331094102.74299
"36","USD",7434.74,1528241601,7411.11150736108,7305.18,0.35135994,7434.71,7311.96,88562,7432.1,7411.11150736108,"bitbayUSD",2603.9676945597
"37","PLN",27995.9,1528252551,27530.4749946424,27890.81,925.33986813,27924.76,27032,88562,27895,27530.4749946424,"bitbayPLN",25475046.1010987
"38","EUR",6556.07,1528251724,6392.46636459869,6511.07,7.49907696,6549.86,6326.97,88562,6511.08,6392.46636459869,"bitbayEUR",47937.597232337
"39","EUR",NA,1444487837,NA,334.58273,0,345.82794,NA,88381,215.56602,NA,"anxhkEUR",0
"40","JPY",NA,1444487795,NA,41227.18171,0,49140.39218,NA,88381,29436.14898,NA,"anxhkJPY",0
"41","SGD",NA,1444487795,NA,514.28762,0,544.96262,NA,88381,341.72994,NA,"anxhkSGD",0
"42","XRP",NA,1415138260,NA,71364.470696,0,71467.407897,NA,88381,69707.30562378,NA,"rippleXRP",0
"43","USD",NA,1415135720,NA,342.87015289,0,347.86740437,NA,88381,327.42057115,NA,"rippleUSD",0
"44","USD",NA,1446638782,NA,1200,0,NA,NA,88381,500,NA,"ibwtUSD",0
"45","LTC",NA,1440962649,NA,300,0,NA,NA,88382,1,NA,"ibwtLTC",0
"46","GBP",NA,1452003194,NA,950,0,NA,NA,88382,287,NA,"ibwtGBP",0
"47","EUR",NA,1440962644,NA,10000,0,NA,NA,88382,1,NA,"ibwtEUR",0
"48","RON",NA,1424695323,NA,1155.36,0,1169.07,NA,88382,1800,NA,"btcxchangeRON",0
"49","USD",NA,1428152917,NA,222.8,0,223,NA,88382,253.8,NA,"1coinUSD",0
"50","GBP",5760,1528241179,5637.16107059393,5682,147.4546,5699,5513,88562,5723,5637.16107059393,"coinfloorGBP",831225.3308
"51","SEK",119999.9,1528250447,69028.368438581,97958.46,15.20458435,65305.64,54999.95,88382,72313.15,69028.368438581,"localbtcSEK",1049547.65046728
"52","AUD",NA,1393292929,NA,146.43629,0,154.03896,NA,88382,144.30206,NA,"mtgoxAUD",0
"53","USD",NA,1341981899,NA,NA,0,NA,NA,88382,6.47,NA,"btctreeUSD",0
"54","USD",NA,1329172006,NA,NA,0,NA,NA,88382,5.59,NA,"thUSD",0
"55","CNY",NA,1393292166,NA,803.10299,0,844.79843,NA,88382,784.38437,NA,"mtgoxCNY",0
"56","NZD",NA,1393288934,NA,158.77756,0,167.02096,NA,88382,151,NA,"mtgoxNZD",0
"57","RUB",969926.57,1528250413,463033.34111657,946527.99,303.49812804,257900,359086.41,88382,504899.21,463033.34111657,"localbtcRUB",140529752.248986
"58","USD",7685,1528252556,7499.1849754022,7600.34,9890.04728747,7605.71,7360,88562,7594.92,7499.18497540221,"bitstampUSD",74167294.0242124
"59","CLP",NA,1329168604,NA,NA,0,NA,NA,88383,3050,NA,"thCLP",0
"60","AUD",10071.88,1528252518,9863.73381300163,9958,157.18709941,9976.3,9704.04,88562,9976.3,9863.73381300163,"btcmarketsAUD",1550451.70741807
"61","ARS",277117.7,1528250604,200406.688076187,284750.68,4.99565074,198200,181807.06,88562,235947.63,200406.688076187,"localbtcARS",1001161.81958875
"62","NOK",90317.27,1528245761,59894.7702032659,142081.42,6.15115176,62997.66,54368.76,88383,58638.73,59894.7702032659,"localbtcNOK",368421.821150615
"63","GAU",NA,1312214090,NA,NA,0,NA,NA,88383,0.267,NA,"bcmBMGAU",0
"64","USD",NA,1312592486,NA,NA,0,NA,NA,88383,15,NA,"bcmBMUSD",0
"65","USD",NA,1312408747,NA,NA,0,NA,NA,88383,11,NA,"bcmLRUSD",0
"66","USD",NA,1313715228,NA,NA,0,NA,NA,88383,10,NA,"bcmMBUSD",0
"67","USD",NA,1327176610,NA,NA,0,NA,NA,88383,6.5,NA,"b2cUSD",0
"68","EUR",NA,1317822453,NA,NA,0,NA,NA,88383,3.3,NA,"b7EUR",0
"69","USD",NA,1318805936,NA,NA,0,NA,NA,88383,3.6399,NA,"exchbUSD",0
"70","EUR",NA,1382340335,NA,NA,0,NA,NA,88383,125,NA,"fbtcEUR",0
"71","USD",NA,1382291616,NA,NA,0,NA,NA,88383,165,NA,"fbtcUSD",0
"72","PLN",NA,1315073674,NA,NA,0,NA,NA,88383,25,NA,"freshPLN",0
"73","EUR",NA,1317816883,NA,NA,0,NA,NA,88383,4,NA,"globalEUR",0
"74","GBP",NA,1320274888,NA,NA,0,NA,NA,88383,2.99,NA,"globalGBP",0
"75","PLN",NA,1325440070,NA,NA,0,NA,NA,88383,15.82,NA,"globalPLN",0
"76","USD",NA,1318013969,NA,NA,0,NA,NA,88383,4.7,NA,"globalUSD",0
"77","EUR",NA,1348229048,NA,NA,0,NA,NA,88383,7.71153846154,NA,"imcexEUR",0
"78","USD",NA,1350223254,NA,NA,0,NA,NA,88383,19.99914062,NA,"imcexUSD",0
"79","HUF",NA,1319836324,NA,NA,0,NA,NA,88383,79,NA,"ruxumHUF",0
"80","JPY",NA,1319028730,NA,NA,0,NA,NA,88383,210,NA,"ruxumJPY",0
"81","PLN",NA,1318577499,NA,NA,0,NA,NA,88383,13.5,NA,"ruxumPLN",0
"82","RUB",NA,1319202603,NA,NA,0,NA,NA,88383,195,NA,"ruxumRUB",0
"83","SEK",NA,1319028697,NA,NA,0,NA,NA,88383,20,NA,"ruxumSEK",0
"84","SGD",NA,1318789490,NA,NA,0,NA,NA,88383,5.2,NA,"ruxumSGD",0
"85","THB",NA,1318519297,NA,NA,0,NA,NA,88383,135,NA,"ruxumTHB",0
"86","UAH",NA,1318793596,NA,NA,0,NA,NA,88383,30,NA,"ruxumUAH",0
"87","USD",NA,1347450254,NA,NA,0,NA,NA,88383,14.75001,NA,"ruxumUSD",0
"88","ZAR",NA,1319028662,NA,NA,0,NA,NA,88383,25,NA,"ruxumZAR",0
"89","XRP",NA,1367998202,NA,NA,0,NA,NA,88383,8999,NA,"snwcnXRP",0
"90","AUD",NA,1329028868,NA,NA,0,NA,NA,88383,5.8999786792,NA,"thAUD",0
"91","INR",NA,1327901200,NA,NA,0,NA,NA,88383,318,NA,"thINR",0
"92","CAD",NA,1444487795,NA,506.83788,0,536.04429,NA,88383,317.0868,NA,"anxhkCAD",0
"93","GBP",NA,1444487795,NA,254.60483,0,262.41894,NA,88383,159.85388,NA,"anxhkGBP",0
"94","HKD",NA,1444505403,NA,2857.95853,0,2919.4307,NA,88383,1907.33658,NA,"anxhkHKD",0
"95","USD",NA,1444487795,NA,369.74229,0,372.87118,NA,88383,244.85695,NA,"anxhkUSD",0
"96","USD",NA,1329154248,NA,NA,0,NA,NA,88383,4.3502752411,NA,"thLRUSD",0
"97","GBP",10057.23,1528251267,5665.59464176196,25000,102.89825466,5709.66,4881.13,88383,5932.42,5665.59464176196,"localbtcGBP",582979.800248353
"98","SLL",2029978,1528252414,1966160.78172043,1996999,18.6,2004999,1913001,88562,2005000,1966160.78172043,"virwoxSLL",36570590.54
"99","SEK",NA,1527988257,NA,66400,0,74804.83,NA,88562,76528.84,NA,"fybseSEK",0
"100","USD",7677.1,1528252568,7507.47133439988,7607.3,3504.56388599,7612.3,7350,88562,7601.1,7507.47133439988,"krakenUSD",26310412.913643
"101","PLN",NA,1371620088,NA,NA,0,NA,NA,88384,335,NA,"intrsngPLN",0
"102","BRL",29301,1528252345,28921.6690189177,29126.00001,86.37707663,29130,28215,88562,29126.00001,28921.6690189177,"mrcdBRL",2498169.22111455
"103","SGD",10290,1528252345,10067.4725057165,10200,17.23318607,10235,9916,88562,10200,10067.4725057165,"fybsgSGD",173494.626945622
"104","THB",285208.28,1528248788,235437.640332925,257739.15,21.21814441,241998,228722.99,88384,233541.48,235437.640332925,"localbtcTHB",4995549.85213364
"105","SGD",10888.18,1528245466,10087.5749585699,10266.86,5.42801716,10358.73,9719.47,88384,10568.16,10087.5749585699,"localbtcSGD",54755.5299779035
"106","HKD",61355.57,1528208373,58084.1011894892,71711.85,6.88704605,61073.6,56124.62,88563,59495.86,58084.1011894892,"localbtcHKD",400027.879664872
"107","ILS",29724.55,1528228157,29306.0381010903,35070.61,0.15962581,28523.74,28752.39,88384,29724.55,29306.0381010903,"localbtcILS",4678.0000697774
"108","CZK",187701.43,1528209603,147196.611747797,168216.2,0.62007127,178154.28,145350.96,88563,145350.96,147196.611747797,"localbtcCZK",91272.3899861532
"109","CZK",NA,1384199283,NA,NA,0,NA,NA,88384,6700,NA,"bitcashCZK",0
"110","MXN",223446.21,1528250962,159574.391631462,311651.86,5.62207125,161412.35,145910.8,88563,154868.59,159574.391631462,"localbtcMXN",897138.599427483
"111","CHF",12451.5,1528231644,9876.75309468388,13000,0.33462413,7496.63,8065.52,88384,9778.23,9876.75309468388,"localbtcCHF",3304.9999115334
"112","USD",NA,1514740794,NA,1501,0,10000,NA,88384,6500,NA,"vcxUSD",0
"113","SGD",NA,1393233550,NA,166.9763,0,175.64537,NA,88384,200,NA,"mtgoxSGD",0
"114","HKD",NA,1393288352,NA,1021.5348,0,1074.57077,NA,88384,1001,NA,"mtgoxHKD",0
"115","EUR",NA,1393293546,NA,95.89175,0,98.41,NA,88384,95.89175,NA,"mtgoxEUR",0
"116","SEK",NA,1393287349,NA,857.004,0,901.498,NA,88384,1046.411,NA,"mtgoxSEK",0
"117","SEK",NA,1407605730,NA,3200,0,3468.465,NA,88385,3468.465,NA,"kptnSEK",0
"118","USD",8199.02,1528252529,8037.49530373042,8152.97,482.948443,8154.25,7925.16,88563,8152.04,8037.49530373042,"lakeUSD",3881695.84255642
"119","ZAR",9557649.51,1528241291,124319.868535961,101132.67,14.50899248,102879.9,75090.63,88385,95381.75,124319.868535961,"localbtcZAR",1803756.03770284
"120","BRL",42076.21,1528244502,28862.734562637,50756.53,7.56079781,30133.32,26605.09,88385,28988.12,28862.734562637,"localbtcBRL",218225.300271797
"121","CAD",NA,1384865294,NA,150,0,NA,NA,88385,120,NA,"weexCAD",0
"122","AUD",NA,1385545984,NA,880,0,890,NA,88385,890,NA,"weexAUD",0
"123","CAD",NA,1453935533,NA,548,0,550,NA,88385,550,NA,"virtexCAD",0
"124","CNY",NA,1387167315,NA,1000,0,5898,NA,88385,5177.36,NA,"rmbtbCNY",0
"125","NOK",NA,1414597967,NA,1100,0,2298,NA,88385,2058,NA,"justNOK",0
"126","EUR",NA,1414597919,NA,150.014,0,285.249,NA,88385,150.02,NA,"justEUR",0
"127","EUR",NA,1405436294,NA,210.00000007,0,297.9999999,NA,88385,481.12,NA,"crytrEUR",0
"128","USD",NA,1492315148,NA,649,0,650,NA,88385,1248,NA,"cbxUSD",0
"129","RUB",NA,1500979671,NA,153205.96155,0,154057.54522,NA,88385,154032.52253,NA,"btceRUR",0
"130","EUR",NA,1500979657,NA,2222.4,0,2231.30634,NA,88385,2226.85317,NA,"btceEUR",0
"131","EUR",NA,1409797601,NA,412,0,503,NA,88385,412,NA,"btc24EUR",0
"132","EUR",NA,1476443216,NA,569.9902,0,595.8599,NA,88385,573,NA,"bitcurexEUR",0
"133","USD",NA,1514947606,NA,13500.01,0,16369,NA,88385,14890,NA,"rockUSD",0
"134","EUR",6538,1528252499,6416.74570314335,6488.9,4739.94857665,6489,6300.2,88563,6489,6416.74570314335,"krakenEUR",30415044.6623393
"135","DKK",NA,1393268569,NA,715.58259,0,752.73415,NA,88385,1000,NA,"mtgoxDKK",0
"136","RUB",NA,1393272147,NA,4683.28589,0,4926.4324,NA,88385,5899.99,NA,"mtgoxRUB",0
"137","THB",NA,1392944199,NA,4017.40562,0,4830.52184,NA,88385,3500,NA,"mtgoxTHB",0
"138","CHF",NA,1393289700,NA,117.07424,0,123.15249,NA,88385,100,NA,"mtgoxCHF",0
"139","GBP",NA,1366825383,NA,NA,0,NA,NA,88386,99.70799664,NA,"bcGBP",0
"140","EUR",NA,1321512379,NA,NA,0,NA,NA,88386,1.71,NA,"aqoinEUR",0
"141","USD",NA,1307246798,NA,NA,0,NA,NA,88386,23.5,NA,"bcmPPUSD",0
"142","PLN",NA,1319837979,NA,NA,0,NA,NA,88386,10,NA,"bitchangePLN",0
"143","JPY",NA,1393293289,NA,13659.07,0,14191.435,NA,88386,13959.262,NA,"mtgoxJPY",0
"144","GBP",NA,1393293367,NA,79.07713,0,83.18265,NA,88386,81.82177,NA,"mtgoxGBP",0
"145","GBP",NA,1393897477,NA,271.3998,0,376.17865,NA,88386,376.17865,NA,"intrsngGBP",0
"146","CAD",14933.04,1528250297,9533.7113218627,24694.54,8.49975077,9574.94,8535.57,88386,9109.49,9533.7113218627,"localbtcCAD",81034.1701489602
"147","NZD",13664.94,1528237063,10955.8356873851,14742.4,8.26885803,11382,10247.34,88386,11696.37,10955.8356873851,"localbtcNZD",90592.249898995
"148","AUD",32150,1528249097,10187.3560354431,22994.02,22.40244572,10007.77,9084,88563,10896,10187.3560354431,"localbtcAUD",228221.690614329
"149","EUR",NA,1514740704,NA,726.00000001,0,6400,NA,88386,6400,NA,"vcxEUR",0
"150","USD",NA,1350761253,NA,NA,0,NA,NA,88386,11.9,NA,"intrsngUSD",0
"151","EUR",13326.58,1528251150,6645.74751192742,25995.3,53.55118442,6433.84,5564.1,88563,6249,6645.74751192742,"localbtcEUR",355887.650619981
"152","LTC",NA,1385602819,NA,NA,0,27,NA,88386,67.756456,NA,"bitmeLTC",0
"153","EUR",NA,1523705925,NA,6418.4776,0,6553.645,NA,88386,6399.1227,NA,"bitmarketEUR",0
"154","PLN",NA,1528092661,NA,22654.8,0,33655.83,NA,88563,27830.62,NA,"nevbitPLN",0
"155","EUR",9000,1528251850,6437.51479003652,6510,118.86408099,6509.97,6101,88563,6462.22,6437.51479003652,"btcdeEUR",765189.279377223
"156","AUD",NA,1393314724,NA,NA,0,26,NA,88386,26,NA,"wbxAUD",0
"157","EUR",NA,1415054500,NA,NA,0,265,NA,88386,258,NA,"rippleEUR",0
"158","USD",NA,1370728226,NA,NA,0,NA,NA,88386,119,NA,"lybitUSD",0
"159","LTC",NA,1468938689,NA,161.34427,0,162.06659,NA,88386,160.565,NA,"krakenLTC",0
"160","LTC",NA,1414598245,NA,83.85,0,200,NA,88386,95.086,NA,"justLTC",0
"161","USD",NA,1500979697,NA,2546,0,2546.78,NA,88386,2546,NA,"btceUSD",0
"162","NZD",NA,1492164813,NA,1200,0,2000,NA,88386,2000,NA,"bitnzNZD",0
"163","PLN",NA,1470649881,NA,1227.5,0,1240,NA,88386,2289,NA,"bitcurexPLN",0
"164","USD",NA,1407227068,NA,9100,0,NA,NA,88386,600,NA,"bitaloUSD",0
"165","PLN",NA,1395435311,NA,NA,0,1700,NA,88386,1950,NA,"bitaloPLN",0
"166","GBP",NA,1405407199,NA,1896343.188,0,NA,NA,88386,340,NA,"bitaloGBP",0
"167","EUR",NA,1422549028,NA,6900,0,306,NA,88386,200,NA,"bitaloEUR",0
"168","AUD",NA,1349296271,NA,NA,0,NA,NA,88386,14,NA,"bitmarketAUD",0
"169","RUB",NA,1319445325,NA,NA,0,NA,NA,88386,300,NA,"bitmarketRUB",0
"170","USD",NA,1356047578,NA,NA,0,NA,NA,88387,14,NA,"bitmarketUSD",0
"171","USD",7634.99,1528226354,7384.51635392797,7437,3.42073437,7630,7233.21,88563,7634.99,7384.51635392797,"bitkonanUSD",25260.4688977085
"172","EUR",NA,1393856453,NA,316.54185,0,419,NA,88387,308.01092,NA,"intrsngEUR",0
"173","INR",729713.95,1528250410,515529.644185286,664215.67,17.47022663,519300,477210.19,88387,578998.56,515529.644185286,"localbtcINR",9006419.7184002
"174","PLN",NA,1393292930,NA,484.86703,0,517.15322,NA,88387,403.05837,NA,"mtgoxPLN",0
"175","CAD",NA,1393290633,NA,146.16779,0,153.75652,NA,88387,120.01,NA,"mtgoxCAD",0
"176","EUR",NA,1510057118,NA,2501.31,0,4499.99,NA,88387,4499.99,NA,"hitbtcEUR",0
"177","USD",NA,1510932147,NA,7906.62,0,7910,NA,88387,7915.48,NA,"hitbtcUSD",0
"178","CNY",NA,1506743999,NA,28158,0,28399.99,NA,88387,28158,NA,"btcnCNY",0
"179","GBP",NA,1395873427,NA,NA,0,300,NA,88387,300,NA,"bit121GBP",0
"180","EUR",NA,1411047892,NA,357.7,0,403.82,NA,88387,255,NA,"btceurEUR",0
"181","PLN",28257,1528249740,27646.9203841819,27800.0001,101.13218768,27901.2666,27109.997,88563,27802.741,27646.9203841819,"bitmarketPLN",2795993.5410671
"182","USD",7677.5,1528252562,7517.92715703906,7605.66,5930.49606074,7605.67,7355,88563,7600.01,7517.92715703906,"coinbaseUSD",44585037.3897504
"183","CAD",9625,1528250804,9500.7734576754,9513,36.06280668,9615.9,9400,88388,9619.3,9500.7734576754,"krakenCAD",342624.556514623
"184","GBP",5720.32,1528252369,5638.8134875315,5690,144.98987013,5690.01,5555,88564,5690.62,5638.8134875315,"coinbaseGBP",817570.835244484
"185","EUR",6551.26,1528252434,6429.2978650821,6511.89,1193.4589331,6513.24,6330,88565,6508.5,6429.2978650821,"coinbaseEUR",7673102.97064299
"186","USD",7779.909,1528252523,7585.97492216636,1e+06,69.56437939,0.005,7363,88565,7677.818,7585.97492216636,"btcalphaUSD",527713.637528606
"187","PLN",NA,1509885322,NA,37217.3,0,NA,NA,88388,26021.26,NA,"fluctoPLN",0
"188","EUR",6548.93,1528252516,6413.09988583852,6493.73,12.0969,6507.27,6303.07,88565,6519.32,6413.09988583852,"rockEUR",77578.628009
"189","SLL",NA,1379943055,NA,NA,0,NA,NA,88389,18050,NA,"rockSLL",0
"190","USD",7636,1528252551,7469.78430798307,7551,5.9789,7600,7371,88565,7602,7469.78430798307,"btccUSD",44661.093399
"191","JPY",842489,1528252559,825020.100475361,835251,2661.28932,835501,812272,88565,835501,825020.100475361,"coincheckJPY",2195617182.18041
"192","CZK",162501,1528216979,162500.666666667,162501,0.03,176547,162500,88565,162501,162500.666666667,"bitstockCZK",4875.02
"193","VND",2259989152.05,1528207923,171667920.746107,172118394.16,9.05711954,178107442.48,166216939.04,88565,166216939.04,171667920.746107,"localbtcVND",1554816879.38073
"194","IDR",107611000,1528251728,106416600.932171,107166000,3.526819,107170000,105011000,88565,107345000,106416600.932171,"bitxIDR",375312090.083
"195","MYR",28489,1528252540,28244.7893228028,28249,8.537203,28250,28081,88565,28249,28244.7893228028,"bitxMYR",241131.500141
"196","NGN",2769000,1528252512,2727310.61077266,2766948,47.759245,2766949,2700001,88565,2766948,2727310.61077266,"bitxNGN",130254295.650991
"197","ZAR",102199,1528252296,99650.4597114117,101091,342.988786,101092,98506,88565,101091,99650.4597114117,"bitxZAR",34178990.200759
"198","JPY",829970,1528251830,798642.670470266,799988,11.59665384,830866,675000,88565,818541,798642.670470266,"krakenJPY",9261582.59129687
"199","USD",7700,1528252540,7557.65830560173,7659,441.9544214,7659.9,7435.1,88565,7659.9,7557.65830560173,"cexUSD",3340140.50359112
"200","XRP",NA,1468926988,NA,103600.64,0,104931.794,NA,88389,103842.161,NA,"krakenXRP",0
"201","NMC",NA,1463947644,NA,1186.11298,0,1271.46,NA,88389,1271.46148,NA,"krakenNMC",0
"202","KRW",NA,1409378987,NA,495000,0,545000,NA,88389,525142,NA,"krakenKRW",0
"203","USD",NA,1414595722,NA,290,0,450,NA,88389,303.132,NA,"justUSD",0
"204","USD",NA,1405487688,NA,242.99900009,0,264.99999999,NA,88389,625,NA,"crytrUSD",0
"205","USD",NA,1454222174,NA,411.4,0,473.99,NA,88389,391.98,NA,"cotrUSD",0
"206","CAD",NA,1469810746,NA,855,0,861.74,NA,88389,861.74,NA,"coinbaseCAD",0
"207","USD",NA,1482410598,NA,614.44,0,614.45,NA,88389,853.48,NA,"bitfinexUSD",0
"208","USD",NA,1476475357,NA,615.03,0,642.8355,NA,88389,629.1547,NA,"bitcurexUSD",0
"209","USD",NA,1481745299,NA,778.59,0,782,NA,88389,782.324888,NA,"exmoUSD",0
"210","RUB",NA,1481745078,NA,47468.0010101,0,47619.9989899,NA,88389,47435.0010101,NA,"exmoRUB",0
"211","EUR",NA,1481745079,NA,736.186,0,739.979,NA,88389,737.571,NA,"exmoEUR",0
"212","EUR",6523.9,1528252275,6427.29620365682,6484.1,41.67505263,6512.8,6304.8,88566,6513.2,6427.29620365682,"cexEUR",267857.907555997
"213","RUB",458277.4,1528243892,441751.070735671,443326.4,4.34812236,445000,435000.1,88566,437452.5,441751.070735671,"cexRUB",1920787.70821971
"214","USD",7777.91,1528252512,7425.10521957981,7411,2257.4024,7667.53,7011.4,88566,7512.05,7425.10521957981,"coinsbankUSD",16761450.342932
"215","EUR",6792.67,1528252450,6340.68646345039,6278.93,1728.1621,6548.51,6001.84,88566,6411.3,6340.68646345039,"coinsbankEUR",10957734.034118
"216","GBP",5926.62,1528252515,5616.82462284906,5500,1024.3538,6000,5548.24,88566,5682.16,5616.82462284906,"coinsbankGBP",5753615.646349
"217","RUB",73.71235,1528252518,72.6175184162101,0.01354517,39882.788,0.01391545,71.70014,88566,72.88573,72.6175184162095,"coinsbankRUB",2896189.09207978
"218","USD",NA,1512815336,NA,16500,0,17350,NA,88389,16500,NA,"allcoinUSD",0
"219","BRL",NA,1422861736,NA,654.5004,0,659.99,NA,88389,654.5,NA,"btc2uBRL",0
"220","EUR",6647.05,1528243340,6411.60064892697,6425.06,4.98432401,6549.92,6334.85,88566,6469.75,6411.60064892697,"bcEUR",31957.4950569783
"221","JPY",840000,1528252565,824529.101495504,835201,8993.30118469,836200,812500,88566,836143,824529.101495504,"bitflyerJPY",7415238545.2909
"222","CLP",5061250,1528247198,4951198.9181873,4950000,0.86088701,5009790,4780000,88566,5009440,4951198.9181873,"chilebitCLP",4262422.8325935
"223","PKR",1e+06,1528252516,991392.14139537,7e+05,0.00356221,1e+06,7e+05,88566,7e+05,991392.14139537,"urdubitPKR",3531.547
"224","VEF",NA,1527997881,NA,70005,0,199999999,NA,88566,199999999,NA,"surbtcVEF",0
"225","VND",1.75e+08,1528245384,171478151.94793,173404300,8.82378632,174832900,1.7e+08,88566,173404300,171478151.94793,"vbtcVND",1513086571.33703
"226","BRL",29355,1528252508,29000.99857356,29201,130.92404464,29290,28415.01,88566,29201,29000.99857356,"foxbitBRL",3796928.03184934
"227","JPY",839675,1528252559,825180.213656665,835181,9039.6974,837342,808794,88566,835421,825180.213656665,"btcboxJPY",7459379431.9236
"228","JPY",841400,1528252555,825359.171340763,835515,8721.5434,835960,810500,88566,835495,825359.171340763,"zaifJPY",7198405833.4365
"229","USD",7831.73,1528251842,7635.07197868053,7761.43,65.6114,7780.38,7535,88566,7830.51,7635.07197868053,"okcoinUSD",500947.761622
"230","PLN",28550.01,1528236042,27476.4776825747,26550.02,1.29433287,27859.42,26550.02,88566,28550.01,27476.4776825747,"bitmaszynaPLN",35563.7082163778
"231","USD",NA,1509090671,NA,20000,0,NA,NA,88390,7500,NA,"indacoinUSD",0
"232","GBP",NA,1503381731,NA,2990,0,3239.999,NA,88390,3018,NA,"krakenGBP",0
"233","VEF",1e+11,1528251300,14347166754.1674,785504418590,95.94261811,680851622.31,2439472618.55,88566,13560063426.1,14347166754.1674,"localbtcVEF",1376504740855.57
"234","USD",7800,1528252554,7667.54702064373,7710.52,657.6124083,7755.8,7535.035,88566,7710.52,7667.54702064373,"wexUSD",5042274.06199901
"235","EUR",6685.69,1528244951,6506.4205362897,6500,2.96761547,6617.41,6015,88566,6500,6506.4205362897,"coinfalconEUR",19308.554237819
"236","EUR",6562.78678,1528252337,6471.45239132412,6498.95313,259.06368322,6549.74381,6392.05982,88566,6524.52191,6471.45239132412,"wexEUR",1676518.2922793
"237","RUB",471999,1528252288,464069.579812728,467000,252.95031574,468999.99999,455106.86882,88566,468000,464069.579812728,"wexRUB",117386546.738959
"238","JPY",NA,1524307870,NA,944000,0,944010,NA,88390,947000,NA,"fiscoJPY",0
"239","VND",NA,1510499770,NA,175792806.585,0,174561649.665,NA,88390,153045823.046,NA,"remitanoVND",0
"240","USD",NA,1527603975,NA,0.61,0,8210.51,NA,88390,8210.51,NA,"abucoinsUSD",0
"241","PLN",NA,1527686662,NA,29246.93,0,29450,NA,88390,29450,NA,"abucoinsPLN",0
"242","EUR",NA,1527661442,NA,0.97,0,7625.06,NA,88390,5546.15,NA,"abucoinsEUR",0
"243","AUD",NA,1444487795,NA,512.20317,0,541.92942,NA,88390,333.84754,NA,"anxhkAUD",0
"244","CHF",NA,1424070997,NA,175.21825,0,223,NA,88390,217.2411,NA,"anxhkCHF",0
"245","CNY",NA,1444487795,NA,2430,0,2578.24622,NA,88390,1553.73989,NA,"anxhkCNY",0
"246","NZD",NA,1444724437,NA,555.72253,0,588.51416,NA,88390,371.2863,NA,"anxhkNZD",0
"247","USD",NA,1385463228,NA,395,0,NA,NA,88390,395,NA,"weexUSD",0
"248","CNY",NA,1506787196,NA,27028.19,0,28000,NA,88390,27197,NA,"chbtcCNY",0
"249","MXN",NA,1397162388,NA,187000.99,0,188000,NA,88390,5200,NA,"bitsoMXN",0
"250","CNY",NA,1506765589,NA,22020.1,0,22199,NA,88390,24821,NA,"btctradeCNY",0
"251","CNY",NA,1506765582,NA,27150,0,27599,NA,88390,27599,NA,"jubiCNY",0
"252","CAD",NA,1370836515,NA,NA,0,NA,NA,88390,104.97,NA,"lybitCAD",0
"253","XRP",NA,1414593608,NA,25000,0,74998,NA,88390,64001,NA,"justXRP",0
"254","GBP",NA,1314988355,NA,NA,0,NA,NA,88390,5.5,NA,"bitmarketGBP",0
"255","EUR",6537.9,1528252309,6410.25192143408,6481.71,1178.14344673,6488.19,6310,88566,6487.82,6410.25192143408,"bitstampEUR",7552196.29312595
